"","First_parent_non_exclusion_probability","Second_parent_non_exclusion_probability"
"all_loci",0.000245912792207792,8.66225425137662e-05
"all_loci_HCF",0.00025009726618705,3.52831901303597e-05
"red_loci",0.000651094838709677,0.00024832315636129
"red_loci_HCF",0.000682972307692308,0.000118494453076923
