"","First_parent_non_exclusion_probability","Second_parent_non_exclusion_probability"
"all_loci",0.000356982662337662,0.000106517118461234
"all_loci_HCF",0.000407594214876033,0.000122751767413471
"red_loci",0.000864916233766234,0.000291945286331169
"red_loci_HCF",0.00100441553398058,0.000381522951456311
