"","N","MLG","nAll","Allelic Richness","Expected Heterozygosity"
"Offspring",154,154,109,8.25869727323362,0.581083441726069
"Parents",270,262,224,15.6913836047062,0.735926530954869
"Total",424,416,232,11.9750404389699,0.722751392402504
